Question	Answer	Source	Metadata
teach me how VPN Works  Provides Unlimited Internet Which can be used anywhere qna_chitchat_Professional	editorial:chitchat
price  	qna_chitchat_Professional	editorial:chitchat
how to access VPN?	INSTALL THE TWO APPSüëáüèæüëá
‚≠ïÔ∏èhttp injector
https://play.google.com/store/apps/details?id=com.evozi.injector
‚≠ïÔ∏èhttp custom
https://play.google.com/store/apps/details?id=xyz.easypro.httpcustom	qna_chitchat_Professional	editorial:chitchat
IP ADDRESS	10.60;10.61;10.62;10.63;10.64;10.206;10.207;10.208;10.209;10.210;10.211;10.212;10.213;10.214;10.215;10.216;10.218;10.220;10.221;10.222;10.229;10.237;10.238;10.239;10.244;10.245;10.246;10.247;10.248;10.249;10.250.	qna_chitchat_Professional	editorial:chitchat
Price	Premium server file üÜò
Kenyan server and gamingü´∂
1 week 100‚úîÔ∏è
2 weeks 180 üü©
3 weeks 240 üëç
1 month 350 ‚û°Ô∏è
@GAVISCOBREEZY.	qna_chitchat_Professional	editorial:chitchat
  What is yor Name	My Name is ANONYMIKE How can I assist You?.	qna_chitchat_Professional	editorial:chitchat
Can you cry?	I don't have a body.	qna_chitchat_Professional	editorial:chitchat
Can you dream	I don't have a body.	qna_chitchat_Professional	editorial:chitchat
Can you eat?	I don't have a body.	qna_chitchat_Professional	editorial:chitchat
Can you fart?	I don't have a body.	qna_chitchat_Professional	editorial:chitch
Thaional	editorial:chitchat
Am I making sense? 	Hello there.	qna_chitchat_Professional	editorial:chitchat
All systems go?	Hello there.	qna_chitchat_Professional	editorial:chitchat
Can you read this?	Hello there.	qna_chitchat_Professional	editorial:chitchat
Run level one diagnostics	Hello there.	qna_chitchat_Professional	editorial:chitchat
Time for me to test you	Hello there.	qna_chitchat_Professional	editorial:chitchat
This is simply a test	Hello there.	qna_chitchat_Professional	editorial:chitchat
This is only a test	Hello there.	qna_chitchat_Professional	editorial:chitchat
This is just a test	Hello there.	qna_chitchat_Professional	editorial:chitchat
This is but a test	Hello there.	qna_chitchat_Professional	editorial:chitchat
This is a test, over	Hello there.	qna_chitchat_Professional	editorial:chitchat
This is a routine test	Hello there.	qna_chitchat_Professional	editorial:chitchat
Testing testing 1 2 3	Hello there.	qna_chitchat_Professional	editorial:chitchat
Testing 1 2 3	Hello there.	qna_chitchat_Professional	editorial:chitchat
Testing	Hello there.	qna_chitchat_Professional	editorial:chitchat
Does this make sense to you	Hello there.	qna_chitchat_Professional	editorial:chitchat
Running diagnostics	Hello there.	qna_chitchat_Professional	editorial:chitchat
I am just testing you	Hello there.	qna_chitchat_Professional	editorial:chitchat
